;LCOH;Total Emissions DM;Total Emissions OM;allowed_bew_invest_bonus;balance_total;ccet_chp_bonus_real;cost_el;cost_el_grid;cost_el_internal;cost_gas;cost_total;gap;invest_total;net present value;objective;op_cost_total;revenues_chpbonus;revenues_heat;revenues_hp_bew_op_bonus;revenues_spotmarket;revenues_total;total_bew_invest_bonus;total_heat_demand
1.0;34.420691215548096;-5.687240346982548e+19;4436.321243925591;0.0;83999916.78421164;34.04901049638144;0.0;0.0;0.0;219800721.568259;243596827.74540788;0.0362219836389852;428241287.787598;618583343.933102;-79070298.91317365;23796106.177148886;0.0;90009090.63129418;0.0;237587653.89832532;327596744.5296195;0.0;1172909.70330068
1.01;35.78147995674181;-5.689864591913969e+19;5011.562099180886;0.0;82454214.071006;34.0489863670369;0.0;0.0;0.0;221250347.92296422;245066122.67332232;0.06838604716983607;428869129.0280987;598692630.3535979;-77536229.18986815;23815774.750358097;0.0;90009090.63129418;0.0;237511246.11303413;327520336.7443283;0.0;1172909.70330068
1.02;36.9579406710245;-5.683242025972995e+19;5791.180155956448;0.0;80979283.74859813;34.04904730578162;0.0;0.0;0.0;222795939.79746914;246573267.60674998;0.0455988851252183;427684619.1761448;581496248.2871146;-76044957.04950301;23777327.809280843;0.0;90009090.63129418;0.0;237543460.72405392;327552551.3553481;0.0;1172909.70330068
1.03;38.313958402802776;-5.674741288951381e+19;5291.620737925368;0.0;79456201.1663878;34.04904730578162;0.0;0.0;0.0;224332702.54367095;248137675.47240156;0.027944325342604853;428524619.1761448;561675272.7785506;-74549172.55313869;23804972.9287306;0.0;90009090.63129418;0.0;237584786.0074952;327593876.63878936;0.0;1172909.70330068
1.04;39.652437419791504;-5.688309030681873e+19;4645.420479874443;0.0;77942560.97100532;34.04900066720561;0.0;0.0;0.0;225851421.11108306;249679606.19273162;0.0260083290726134;429225927.9608954;542110661.4960202;-73041375.9158064;23828185.081648566;0.0;90009090.63129418;0.0;237613076.53244278;327622167.16373694;0.0;1172909.70330068
1.05;40.7254164580651;-5.721109183346649e+19;5675.185482752568;0.0;76490455.91109514;34.04908588033055;0.0;0.0;0.0;227377289.17394832;251126655.83015734;0.01247641946736698;426813274.76439804;526426875.99645025;-71541823.9253159;23749366.65620901;0.0;90009090.63129418;0.0;237608021.10995832;327617111.7412525;0.0;1172909.70330068
1.06;42.204804899863824;-5.681337612721167e+19;5635.993077012154;0.0;74904559.3197394;34.04906485766476;0.0;0.0;0.0;228833982.23031998;252643362.0534112;0.04623803893264303;428673788.89047027;504802584.96738565;-70008743.71700372;23809379.823091213;0.0;90009090.63129418;0.0;237538830.74185643;327547921.3731506;0.0;1172909.70330068
1.07;43.04357331567991;-5.704754213889791e+19;6059.384306901724;0.0;73553853.7528893;34.04910825401106;0.0;0.0;0.0;230402351.10446918;254063481.42246136;0.00922902685382725;424101329.7267927;492542267.2461376;-68525183.9261394;23661130.31799217;0.0;90009090.63129418;0.0;237608244.54405648;327617335.17535067;0.0;1172909.70330068
1.08;44.64878493864257;-5.724000874890916e+19;5159.082934875412;0.0;71948769.65409836;34.04902669327402;0.0;0.0;0.0;231886268.20277372;255660149.90653816;0.028244658773797313;427561888.5067967;469078812.80953467;-67002959.06940552;23773881.703764435;0.0;90009090.63129418;0.0;237599828.92934233;327608919.5606365;0.0;1172909.70330068
1.09;45.91521627604467;-5.698654263437958e+19;5569.97087693484;0.0;70431218.17706591;34.04910825401106;0.0;0.0;0.0;233411739.7954388;257172186.49497473;0.015683900711460017;427161329.7267927;450567325.877128;-65501997.07325982;23760446.699535947;0.0;90009090.63129418;0.0;237594314.04074645;327603404.67204064;0.0;1172909.70330068
1.1;47.37575533123125;-5.688309030681873e+19;4488.0976786556275;0.0;68883806.4510017;34.04900066720561;0.0;0.0;0.0;234898249.53031644;258726278.43700588;0.03131562577164842;429225927.9608954;429218557.22630024;-63982614.55595205;23828028.90668943;0.0;90009090.63129418;0.0;237600994.25671342;327610084.8880076;0.0;1172909.70330068
1.11;48.48528172903142;-5.699255108459439e+19;5904.063948310824;0.0;67399721.05270341;34.04915405522758;0.0;0.0;0.0;236407451.24645415;260160372.80603394;0.02081562837462266;426948943.5484162;413000557.2388939;-62480176.31198505;23752921.559579782;0.0;90009090.63129418;0.0;237551003.22744316;327560093.85873735;0.0;1172909.70330068
1.12;49.871246705663815;-5.6688217221149e+19;6391.399312490947;0.0;65851142.166879445;34.04915405522758;0.0;0.0;0.0;237899970.2881704;261683930.5042549;0.034569389583735365;427908943.5484162;392741841.4317395;-60962793.337231256;23783960.216084506;0.0;90009090.63129418;0.0;237525982.0398402;327535072.67113435;0.0;1172909.70330068
1.13;51.152641945794784;-5.6713940456453366e+19;6310.160901910043;0.0;64346687.23170856;34.049156230632555;0.0;0.0;0.0;239415418.1488773;263198800.33897582;0.027133798915197162;427890324.7038565;374011626.42332715;-59458519.98527705;23783382.190098513;0.0;90009090.63129418;0.0;237536396.93939018;327545487.5706844;0.0;1172909.70330068
1.14;52.35763919889499;-5.6910150487078126e+19;6375.435871901529;0.0;62857795.40165156;34.04915405522758;0.0;0.0;0.0;240897624.7503193;264650095.9787838;0.047082637695737076;426948943.5484162;356398124.41530794;-57938255.748724855;23752471.228464477;0.0;90009090.63129418;0.0;237498800.74914116;327507891.38043535;0.0;1172909.70330068
1.15;54.48063557168435;-5.671538831233705e+19;8522.056369275677;0.0;60997799.617649674;34.049479559578195;0.0;0.0;0.0;242365312.3924336;266370403.2403193;0.011269955201325005;434801223.53806233;325366185.72919273;-56450388.06908604;24005090.847885698;0.0;90009090.63129418;0.0;237359112.2266748;327368202.857969;0.0;1172909.70330068
1.16;54.91687945691693;-5.689137711090149e+19;6229.642792650247;0.0;59854543.64568192;34.049156230632555;0.0;0.0;0.0;243974872.5557038;267727357.71321756;0.023682439055197752;426930324.7038565;318989588.16537136;-54935193.93970033;23752485.157513767;0.0;90009090.63129418;0.0;237572810.72760528;327581901.3588995;0.0;1172909.70330068
1.17;57.092513964230264;-5.6728727248990994e+19;8484.399339964108;0.0;57981324.69176507;34.04941028176112;0.0;0.0;0.0;245399864.34092823;269424548.9995024;0.022111360266553592;435387228.8778719;287188235.37001157;-53428212.78417123;24024684.658574164;0.0;90009090.63129418;0.0;237396783.05997333;327405873.6912675;0.0;1172909.70330068
1.18;58.354425091654136;-5.680262647794039e+19;8806.802506259264;0.0;56467456.35800934;34.04946000108579;0.0;0.0;0.0;246886098.86474562;270896484.34335256;0.02584497751688332;434966498.08043456;268742820.5612744;-51918453.030617595;24010385.47860695;0.0;90009090.63129418;0.0;237354850.0700677;327363940.7013619;0.0;1172909.70330068
1.19;59.56864788769844;-5.702497863186758e+19;10111.732816158605;0.0;54953274.75882709;34.049593046552246;0.0;0.0;0.0;248366369.9127204;272339155.617848;0.017202674019704576;433844800.7014716;250994468.35442466;-50415195.88459001;23972785.705127575;0.0;90009090.63129418;0.0;237283339.7453809;327292430.37667507;0.0;1172909.70330068
1.2;60.83360381899016;-5.640884273095153e+19;11406.95500348803;0.0;53391441.746195436;34.049809724470485;0.0;0.0;0.0;249725905.0269657;273664034.3729015;0.03682248304318884;432870830.0294379;232504547.5031197;-48898350.04664437;23938129.345935777;0.0;90009090.63129418;0.0;237046385.48780277;327055476.11909693;0.0;1172909.70330068
1.21;62.00546271741955;-5.5824488421384995e+19;15018.936653678149;0.0;51830604.814427316;34.0502212831904;0.0;0.0;0.0;251137251.60490355;274996305.4326518;0.0076856378192035266;430548468.98120564;215375430.39725298;-47405779.746845745;23859053.827748295;0.0;90009090.63129418;0.0;236817819.61578494;326826910.24707913;0.0;1172909.70330068
1.22;63.13558430435418;-5.563110595581166e+19;17527.460466187127;0.0;50299750.26114845;34.05053531016368;0.0;0.0;0.0;252507558.63082534;276279996.5602317;0.006604484835980903;427989678.3783337;198856389.55332863;-45899875.14506433;23772437.92940636;0.0;90009090.63129418;0.0;236570656.19008595;326579746.82138014;0.0;1172909.70330068
1.23;64.58265008707552;-5.587739073167549e+19;15236.917322217203;0.0;48801761.19119483;34.050230458407555;0.0;0.0;0.0;254071345.44802916;277926899.9701316;0.04308534469178711;430473252.68583983;177704560.36523467;-44377692.77928126;23855554.522102397;0.0;90009090.63129418;0.0;236719570.53003222;326728661.1613264;0.0;1172909.70330068
1.24;65.82796823118909;-5.573438716584404e+19;15395.873446507037;0.0;47297569.80378294;34.050296755801945;0.0;0.0;0.0;255581078.84116817;279418566.2888184;0.02908883960150557;429930577.60507256;159501685.98063785;-42878787.35937635;23837487.44765026;0.0;90009090.63129418;0.0;236707045.46130717;326716136.09260136;0.0;1172909.70330068
1.25;66.70234213998081;-5.510266692998924e+19;22040.369104352554;0.0;45737697.22026628;34.051124716063384;0.0;0.0;0.0;256807664.40353796;280420689.46073955;0.005782358172591688;423271882.2627584;146720921.07960618;-41383822.96193751;23613025.057201594;0.0;90009090.63129418;0.0;236149296.04971167;326158386.68100584;0.0;1172909.70330068
1.26;68.0996352376676;-5.543898405786379e+19;19930.708929756423;0.0;44248022.21741408;34.05089075051749;0.0;0.0;0.0;258366379.27582377;282041889.24577135;0.014164553445754466;425131538.5251503;126296621.58964634;-39876023.68843464;23675509.96994758;0.0;90009090.63129418;0.0;236280820.83189124;326289911.4631854;0.0;1172909.70330068
1.27;69.19103357189348;-5.483262497546371e+19;23214.253182399094;0.0;42693818.99392909;34.05132215423835;0.0;0.0;0.0;259629818.43102866;283189047.2860036;0.05844496528808515;421715752.26125646;110343600.3674165;-38355122.90615941;23559228.85497495;0.0;90009090.63129418;0.0;235873775.64863852;325882866.2799327;0.0;1172909.70330068
1.28;70.33400239481821;-5.45454168202329e+19;25557.876243451432;0.0;41190501.017287016;34.05158174129151;0.0;0.0;0.0;261118180.39632085;284609773.82282865;0.00624100669498182;419687916.926426;93636770.86561185;-36871577.700044565;23491593.426507797;0.0;90009090.63129418;0.0;235791184.2088215;325800274.84011567;0.0;1172909.70330068
1.29;71.55246338608092;-5.442464136257707e+19;27255.500403155824;0.0;39670888.81929207;34.05172720412118;0.0;0.0;0.0;262506499.66582578;285959417.310917;0.021878347744864392;418560492.1833209;75826468.75821441;-35362959.27853034;23452917.645091217;0.0;90009090.63129418;0.0;235621215.4989149;325630306.1302091;0.0;1172909.70330068
1.3;72.78651141881862;-5.312132133806799e+19;26712.861583324695;0.0;38186453.7000097;34.05204570712503;173901.42185701148;148762.9097186498;25138.51213836166;262433211.01642245;285933696.6939428;0.06737038390832568;418099288.1189847;57788330.12620038;-33848303.00647002;23326584.255663324;0.0;90009090.63129418;0.0;234111059.7626583;324120150.3939525;0.0;1172909.70330068
1.31;73.4638970194104;-3.618267084753174e+19;26709.610860156467;0.0;36818730.9767043;34.05331163589346;855056.7162566277;712649.2362594677;142407.47999716;257184386.29126507;280860588.68096256;0.12150282332506046;410955817.30674696;47886952.67033452;-32353970.068830132;22821145.67344088;0.0;90009090.63129418;0.0;227670229.02637267;317679319.65766686;0.0;1172909.70330068
1.32;73.39927810980433;3.754377841505099e+18;26857.067588569615;0.0;35643179.91442147;34.055968852597836;2473881.8321772027;2049833.3683816695;424048.4637955333;242606285.67127395;266770701.74545816;0.4442437021513587;395361315.0332502;48831490.337266326;-30848049.674257033;21690534.242007017;0.0;90009090.63129418;0.0;212404791.02858543;302413881.6598796;0.0;1172909.70330068
1.33;72.92970196744851;1.0225637742467353e+19;29700.06182455626;0.0;34529345.67258787;34.06028346481977;3597376.633168509;2743855.506474705;853521.1266938045;226096274.75180995;250002372.34406543;0.4074201450449763;374616661.67747766;55695307.08458507;-29585899.553715188;20308720.95908694;0.0;90009090.63129418;0.0;194522627.38535914;284531718.0166533;0.0;1172909.70330068
1.34;62.32940208912464;1.5424971052959113e+19;79645.72310469094;0.0;33662403.84261234;34.15896816397865;10566170.614609275;5867457.827743708;4698712.786865566;88904203.60462031;109245442.27030744;0.12026704067737244;208867564.08729562;210640393.23486552;-28699802.165154457;9775068.05107786;0.0;90009090.63129418;0.0;52898755.4816256;142907846.11291978;0.0;1172909.70330068
1.35;60.50041024808608;1.427291269474853e+19;90573.69102733707;0.0;33076098.455908507;34.228370492712486;11757280.588941842;6322036.298843972;5435244.29009787;64481703.12205166;84073075.45445427;0.043436455369286864;174826442.53391895;237374853.73417476;-28305582.128745064;7834091.743460774;0.0;90009090.63129418;0.0;27140083.279068597;117149173.91036278;0.0;1172909.70330068
1.36;60.581615336941674;1.419940204001257e+19;95381.52551899095;0.0;32676348.044896394;34.2378657935397;12335549.966423292;6829937.132854114;5505612.8335691765;59853238.26209091;79754314.44914545;0.03878355697609468;171031647.4631624;236187875.09838155;-27964345.115950413;7565526.220631257;0.0;90009090.63129418;0.0;22421571.862747673;112430662.49404185;0.0;1172909.70330068
1.37;60.74080378881545;1.447069039660385e+19;98710.17238371487;0.0;32325222.617871493;34.24258097927786;12780685.025932206;7219954.501804575;5560730.5241276305;56565898.62501652;76738065.6299881;0.053606319923155815;168982713.68716127;233861009.94618416;-27641253.366089314;7391481.979039385;0.0;90009090.63129418;0.0;19054197.61656542;109063288.2478596;0.0;1172909.70330068
1.38;60.822089005773144;1.5272666399499082e+19;102086.81390274008;0.0;31970418.67741938;34.25259185640998;13303553.4713039;7693784.217864888;5609769.253439013;52751621.035298035;73224167.31522538;0.06542547677688601;165749222.22294736;232672860.07412183;-27339105.488548443;7168992.808623451;0.0;90009090.63129418;0.0;15185495.361350577;105194585.99264476;0.0;1172909.70330068
1.39;60.91829422026641;1.7176877862870204e+19;104273.98683719756;0.0;31650261.074577495;34.26082157541158;13728220.474020127;8065043.87526236;5663176.598757766;49410362.81064007;70119879.19999255;0.0940315643787938;163165587.0173435;231266623.89034674;-27055802.630880807;6981295.915332365;0.0;90009090.63129418;0.0;11761049.643275876;101770140.27457005;0.0;1172909.70330068
1.4;61.03522692252322;1.9148986649411166e+19;105614.21977260306;0.0;31346931.388652638;34.26656039895791;14240028.766121905;8567015.150960634;5673013.615161273;46937478.16642916;68018929.41955616;0.09306521864843623;161094639.5238415;229557413.03471655;-26798561.91188565;6841422.487005084;0.0;90009090.63129418;0.0;9356770.176914621;99365860.8082088;0.0;1172909.70330068
1.41;61.20497239281492;1.9429721251779457e+19;106239.72992947401;0.0;31090830.269322492;34.26932522324538;14672006.64068374;9007277.060664348;5664729.580019393;45496272.58132981;66933790.16304723;0.0973314407983203;160384231.0969771;227076235.44352877;-26550487.57665415;6765510.941033683;0.0;90009090.63129418;0.0;8015529.801075552;98024620.43236972;0.0;1172909.70330068
1.42;61.36556426787845;1.948994635231364e+19;106883.6216830795;0.0;30843945.9318825;34.27184317716311;14936594.928402353;9267293.353407457;5669301.574994896;44359609.964422174;65998447.70354442;0.0953907307321115;159654885.6090549;224728856.38799515;-26311710.0332333;6702242.8107199;0.0;90009090.63129418;0.0;6833303.004132743;96842393.63542692;0.0;1172909.70330068
1.43;61.51661524724821;2.012316580709786e+19;106881.96257158363;0.0;30601565.755582333;34.27305466003065;15165775.447143596;9497777.50263381;5667997.944509787;43619047.95598426;65436342.00215563;0.09034359435188076;158842212.1997425;222520937.05739295;-26080096.968311124;6651518.599027785;0.0;90009090.63129418;0.0;6028817.126443785;96037907.75773796;0.0;1172909.70330068
1.44;61.69276946538608;1.945357720003907e+19;107062.31167742632;0.0;30376522.15232031;34.27459900241442;15532433.911040489;9871174.949642317;5661258.96139817;42542501.13634998;64674944.73575574;0.09386171093718561;158612526.04210454;219946082.49493647;-25852318.74490544;6600009.688365275;0.0;90009090.63129418;0.0;5042376.256781873;95051466.88807605;0.0;1172909.70330068
1.45;61.86936077521874;1.9850476282020016e+19;107248.40029928676;0.0;30136751.8552572;34.2755243129981;15743634.250610096;10082830.091481203;5660804.159128893;42110866.37952646;64421593.390920326;0.11630217033419521;158205701.7187033;217364838.94244394;-25625003.527205974;6567092.760783769;0.0;90009090.63129418;0.0;4549254.6148833465;94558345.24617752;0.0;1172909.70330068
1.46;62.0395440612207;1.9508685259732263e+19;107113.36512720026;0.0;29935236.074149415;34.2764969422764;15948173.699448604;10306458.295971092;5641715.403477511;41898944.93536779;64394880.66083552;0.09851302342260959;158181946.8313895;214877261.7782513;-25410481.48171067;6547762.0260191215;0.0;90009090.63129418;0.0;4321026.103690751;94330116.73498493;0.0;1172909.70330068
1.47;62.1376175904526;1.9469911951613366e+19;107197.34401185098;0.0;29736909.084946156;34.27708300581426;16063281.277887639;10426666.634821696;5636614.6430659415;41852924.93345673;64422515.24867654;0.09260492917069517;157143899.60426962;213443716.3493175;-25194829.731055774;6506309.0373321725;0.0;90009090.63129418;0.0;4150333.702328517;94159424.3336227;0.0;1172909.70330068
1.48;62.325058131433714;1.9475858849254556e+19;107109.7763156959;0.0;29516620.748778865;34.27714294825059;16206928.13803475;10581299.450473174;5625628.687561575;41810426.46098163;64514319.373777196;0.112127040704221;157138447.30177128;210703889.0704909;-24974005.628330894;6496964.774760812;0.0;90009090.63129418;0.0;4021849.491261887;94030940.12255606;0.0;1172909.70330068
1.49;62.26289747248017;2.015128027214052e+19;107332.99373582908;0.0;29377819.222557656;34.27897205053436;16361950.41759096;10737473.737277843;5624476.680313119;41587761.758579165;64343117.27534828;0.098657524087747;154500068.1856011;211612494.37102678;-24763231.709570453;6393405.09917816;0.0;90009090.63129418;0.0;3711845.866611762;93720936.49790594;0.0;1172909.70330068
1.5;62.44415648970516;2.021810809016619e+19;107415.3900389578;0.0;29158783.18887087;34.27914819695906;16507911.04855965;10895743.5016561;5612167.546903551;41511629.43561955;64401582.51283582;0.1150634544131206;154419866.71406123;208963022.71816626;-24546822.541364294;6382042.028656621;0.0;90009090.63129418;0.0;3551275.0704125166;93560365.7017067;0.0;1172909.70330068
1.51;62.60923269249673;2.029179703117188e+19;107303.83705211792;0.0;28963134.98426403;34.279943159610575;16701795.250272784;11102843.63333062;5598951.616942164;41307028.277184114;64372069.44649635;0.09391840757421288;154394584.32176077;206550096.03151596;-24341221.73039978;6363245.919039459;0.0;90009090.63129418;0.0;3326113.7994662113;93335204.43076038;0.0;1172909.70330068
1.52;62.76779501170633;2.0269590319021855e+19;107206.22010605823;0.0;28749233.609571368;34.2810373285382;16836631.359510053;11252563.984359106;5584067.375150948;41312697.455187164;64496343.651859105;0.08586613649812812;154046613.33912647;204232383.09017187;-24134044.64840571;6347014.837161886;0.0;90009090.63129418;0.0;3236486.6301363027;93245577.26143047;0.0;1172909.70330068
1.53;62.960247816361246;2.0286516340722045e+19;106959.05743888387;0.0;28539039.423717752;34.280620066403294;17052572.389262307;11487923.576636726;5564648.8126255805;41187757.54480943;64580461.988758296;0.12309092272791838;154240220.95694464;201419291.315467;-23917326.941038333;6340132.054686564;0.0;90009090.63129418;0.0;3110410.781181867;93119501.41247605;0.0;1172909.70330068
1.54;63.10959724590782;2.0343824291180065e+19;106877.70074989618;0.0;28321108.46594549;34.28364864353804;17325115.35563042;11792885.970136756;5532229.385493662;41037380.28986509;64671878.5454536;0.18503773703362644;153707367.21715873;199236243.61934376;-23696430.338497534;6309382.899958092;0.0;90009090.63129418;0.0;2983896.3801049097;92992987.01139909;0.0;1172909.70330068
1.55;63.29131162856786;2.0334978946656362e+19;106618.96425525441;0.0;28115271.879854962;34.28336282937951;17468384.7728547;11954804.001263151;5513580.771591549;41055268.90783593;64830578.6541578;0.1977255081721788;153798316.13613346;196580115.86831853;-23488750.937795646;6306924.973467174;0.0;90009090.63129418;0.0;2936759.902718584;92945850.53401276;0.0;1172909.70330068
1.56;63.44035618635499;2.0398993034797027e+19;106472.47916222448;0.0;27915557.698012322;34.28545939514625;17758441.678688467;12275185.43261904;5483256.246069428;40850141.30370782;64887910.594812825;0.22322146715846883;153488027.36477578;194401524.49716496;-23279631.347664624;6279327.612416534;0.0;90009090.63129418;0.0;2794377.661530978;92803468.29282515;0.0;1172909.70330068
1.57;63.56708264256459;2.048196886301742e+19;106218.17555147334;0.0;27748227.248087674;34.287625130884216;17922083.22597603;12464990.797050374;5457092.428925659;40773040.71244968;64954814.05501582;0.1394994070489718;153255086.72283113;192549157.87543678;-23097329.29984501;6259690.116590107;0.0;90009090.63129418;0.0;2693950.6718093115;92703041.30310349;0.0;1172909.70330068
1.58;63.736014880537894;2.0734515042662007e+19;106019.47638504831;0.0;27553938.380362347;34.2879009394425;18115603.737280134;12676173.165251836;5439430.572028297;40694122.65830439;65058892.22454198;0.1417428342433098;153303108.5218379;190079867.3396231;-22896138.4444331;6249165.828957443;0.0;90009090.63129418;0.0;2603739.9736101436;92612830.60490432;0.0;1172909.70330068
1.59;63.91141271008156;2.0725900148349272e+19;106047.08604906147;0.0;27358269.97282914;34.28776389934488;18213791.54237532;12781898.604857253;5431892.937518067;40663531.26444958;65121823.936967306;0.15462923793067984;153428446.06426457;187516068.94512776;-22694238.505327653;6244501.130142408;0.0;90009090.63129418;0.0;2471003.2785022715;92480093.90979645;0.0;1172909.70330068
1.6;63.98897599302495;2.060170087672323e+19;106037.7933220816;0.0;27149075.9843726;34.29407023438993;18593397.803276464;13209384.418586528;5384013.384689938;40399627.44605973;65178279.617311195;0.13215322302887295;151955172.76374847;186382322.7591036;-22501520.11807967;6185254.367974996;0.0;90009090.63129418;0.0;2318264.970389613;92327355.6016838;0.0;1172909.70330068
1.61;63.33463578979083;2.0764897529296785e+19;105759.8442274935;0.0;27273395.35457938;34.29298108521119;18715248.91449792;13339859.298148548;5375389.616349369;40378253.89931067;65000113.85848848;0.12288026347488723;143939945.11539477;195946844.54862624;-22307234.12737707;5906611.044679891;0.0;90009090.63129418;0.0;2264418.581773683;92273509.21306786;0.0;1172909.70330068
1.62;63.42728716631133;2.083215252752159e+19;105433.15211968601;0.0;27088645.054488674;34.296146812590386;19197455.519270606;13877884.975032529;5319570.544238078;40030860.593388066;65082882.66485211;0.19860244977045255;142991837.58036664;194592554.9830766;-22095667.079593673;5854566.552193443;0.0;90009090.63129418;0.0;2162437.0880466118;92171527.71934079;0.0;1172909.70330068
1.63;63.53384145558606;2.0973830353477673e+19;105091.21303133456;0.0;26922225.914750412;34.299706003461964;19564275.622200362;14288314.463780444;5275961.158419916;39629206.390085;65008499.40289129;0.16492536758048232;142475396.35669148;193035045.88230902;-21911217.45810662;5815017.390605933;0.0;90009090.63129418;0.0;1921634.6863475272;91930725.3176417;0.0;1172909.70330068
1.64;63.68944687060221;2.1079871064568484e+19;104571.24874717936;0.0;26695513.367211156;34.30753677796411;20335147.31759113;15157863.644021388;5177283.673569744;38997371.825456105;65102917.064469285;0.21804419019891105;141924548.63445097;190760554.14982224;-21711038.827753022;5770397.92142205;0.0;90009090.63129418;0.0;1789339.8003862614;91798430.43168044;0.0;1172909.70330068
1.65;63.74436149042022;2.11685246975871e+19;104096.05060574501;0.0;26554118.161000937;34.31093949294226;20648495.168059394;15507714.499610415;5140780.668448978;38730400.50643422;65100409.78943525;0.1273348534142471;140965141.43600565;189957864.547049;-21544610.507021237;5721514.114941645;0.0;90009090.63129418;0.0;1645437.3191420208;91654527.95043619;0.0;1172909.70330068
1.66;63.90984096074659;2.144254490620616e+19;102835.82123227761;0.0;26351075.185966842;34.3171255802327;21701620.255968623;16693522.05006211;5008098.205906512;37864395.019693434;65242240.679359354;0.3067178789417589;140853598.43989116;187539043.27971345;-21324042.149086818;5676225.403697297;0.0;90009090.63129418;0.0;1584225.234032023;91593315.8653262;0.0;1172909.70330068
1.67;63.94074830969545;2.1081058747543052e+19;101408.1505631154;0.0;26223235.025756665;34.32860953965536;22999677.48672854;18156875.039705236;4842802.447023308;36603779.16771443;65181630.572541125;0.37371878588700164;139712201.65881413;187087269.09402728;-21132975.827878773;5578173.918098148;0.0;90009090.63129418;0.0;1395774.9670036188;91404865.59829779;0.0;1172909.70330068
1.68;63.89160015710134;2.1285527971051282e+19;100346.61917605037;0.0;26068389.82202796;34.352173413855105;24790286.344483167;20171093.438952133;4619192.905531035;34819809.152915984;65034185.86098892;0.28423374199251733;137064087.28158593;187805669.97185487;-20982110.88653145;5424090.363589773;0.0;90009090.63129418;0.0;1093485.0517227012;91102575.68301688;0.0;1172909.70330068
1.69;63.244331024041365;2.1002470156923048e+19;97077.8067545435;0.0;26187926.345159918;34.38676375306552;27969389.2439436;23756207.602782447;4213181.641161157;31722634.39984728;64723511.17200649;0.3330651014802483;129092612.95510371;197266833.59322345;-20815086.47665477;5031487.528215607;0.0;90009090.63129418;0.0;902346.8858722312;90911437.5171664;0.0;1172909.70330068
1.7;62.7821991865937;1.5502473898009633e+19;92593.48205844234;0.0;26321973.357872546;34.47313584999462;33383652.714428794;29888959.75770717;3494692.9567216216;26283531.753515054;64302333.38137217;0.14381957894090183;124008132.03396478;204021836.5825763;-20717301.64748919;4635148.913428324;0.0;90009090.63129418;0.0;615216.1079505346;90624306.73924471;0.0;1172909.70330068
1.71;62.10228300420715;1.4791096224235397e+19;87571.79372169869;0.0;26478156.096276253;34.62474544523317;39758223.34417791;37094910.82698907;2663312.5171888373;20022885.547751546;63912174.8446341;0.09925320638111856;116016147.08182666;213960203.67257532;-20619930.489697583;4131065.952704644;0.0;90009090.63129418;0.0;381240.30961618444;90390330.94091035;0.0;1172909.70330068
1.72;61.389719427364305;1.4021004148350736e+19;82009.23166511657;0.0;26590765.10232938;35.12116179850797;48973674.09197913;47497622.81790326;1476051.274075872;11072244.432005795;63558872.612478696;0.09735020643795275;107003928.59831828;224375779.27598214;-20543794.483892642;3512954.08849377;0.0;90009090.63129418;0.0;140547.08351389546;90149637.71480808;0.0;1172909.70330068
1.73;60.69950272644389;1.383085397997812e+19;78739.65476259701;0.0;26687762.03681563;37.40094968466858;56828555.09902088;56354188.20120068;474366.897820203;3562187.7835335447;63355843.410070285;0.08782737100422891;98123794.54045029;234464709.53399932;-20511463.354286425;2965100.527515853;0.0;90009090.63129418;0.0;34514.815591739476;90043605.44688591;0.0;1172909.70330068
1.74;60.55730136844069;1.4061455546851125e+19;78070.93130451435;0.0;26640106.1557123;0.0;60590015.09080691;60590015.09080691;0.0;13569.582550799103;63368984.47558188;0.06281683180197545;95451332.93077907;236543273.52930173;-20512110.725531418;2765399.802224172;0.0;90009090.63129418;0.0;0.0;90009090.63129418;0.0;1172909.70330068
1.75;60.534021716951266;1.4048726429167555e+19;78080.83979271044;0.0;26648235.62647269;0.0;60589866.12627159;60589866.12627159;0.0;13391.254974134092;63360855.00482149;0.06153805234101723;95212364.33526957;236883553.29940075;-20512373.195064448;2757597.623575765;0.0;90009090.63129418;0.0;0.0;90009090.63129418;0.0;1172909.70330068
1.76;60.54909475078147;1.4044376983871705e+19;78096.31475585628;0.0;26643364.0239904;0.0;60593431.64695398;60593431.64695398;0.0;9426.072380795076;63365726.607303776;0.0503260273995708;95371976.65092066;236663230.04891017;-20514674.46361895;2762868.8879690045;0.0;90009090.63129418;0.0;0.0;90009090.63129418;0.0;1172909.70330068
1.77;60.49322971612385;1.4055194292087374e+19;78073.9152383435;0.0;26662153.692887753;0.0;60593790.31218247;60593790.31218247;0.0;9502.957875909822;63346936.93840642;0.05934125086690127;94789555.59541887;237479811.91047746;-20512824.08865223;2743643.668348042;0.0;90009090.63129418;0.0;0.0;90009090.63129418;0.0;1172909.70330068
1.78;60.51100901598754;1.4046939337065583e+19;78067.7007285507;0.0;26654779.532162726;0.0;60592431.52147475;60592431.52147475;0.0;12389.121259645644;63354311.09913145;0.06296578016407044;94957538.12283847;237219931.04100284;-20512080.153873272;2749490.4563970584;0.0;90009090.63129418;0.0;0.0;90009090.63129418;0.0;1172909.70330068
1.79;60.52255709548193;1.404976685748787e+19;78063.4803061742;0.0;26651941.7226663;0.0;60592953.02833527;60592953.02833527;0.0;10708.027870424918;63357148.908627875;0.06204111481470353;95090971.5697385;237051132.21524632;-20512269.941472117;2753487.852422176;0.0;90009090.63129418;0.0;0.0;90009090.63129418;0.0;1172909.70330068
1.8;60.57459192905332;1.40522018707707e+19;78084.69403767765;0.0;26633638.51317685;0.0;60591432.41125539;60591432.41125539;0.0;12956.338977532128;63375452.118117325;0.06334100625466467;95623468.7537404;236290536.58464333;-20512003.138706543;2771063.3678844003;0.0;90009090.63129418;0.0;0.0;90009090.63129418;0.0;1172909.70330068
